{"cameraMode":{"drawMode":0,"name":"Shaded","section":"Shading Mode"},"sceneLighting":true,"audioPlay":false,"sceneViewState":{"showFog":true,"showMaterialUpdate":false,"showSkybox":true,"showFlares":true,"showImageEffects":true,"showParticleSystems":true},"in2DMode":false,"pivot":{"x":238.61404418945313,"y":221.3600616455078,"z":103.9947509765625},"rotation":{"x":-0.11708443611860275,"y":-0.23860876262187959,"z":0.028958812355995179,"w":-0.9635966420173645},"size":943.6082153320313,"orthographic":false}