{"cameraMode":{"drawMode":0,"name":"Shaded","section":"Shading Mode"},"sceneLighting":true,"audioPlay":false,"sceneViewState":{"showFog":true,"showMaterialUpdate":false,"showSkybox":true,"showFlares":true,"showImageEffects":true,"showParticleSystems":true},"in2DMode":false,"pivot":{"x":14.196723937988282,"y":-18.408498764038087,"z":-15.763664245605469},"rotation":{"x":-0.22835847735404969,"y":-0.01143275760114193,"z":0.002648633671924472,"w":-0.9735063910484314},"size":106.50039672851563,"orthographic":false}