{"cameraMode":{"drawMode":0,"name":"Shaded","section":"Shading Mode"},"sceneLighting":true,"audioPlay":false,"sceneViewState":{"showFog":true,"showMaterialUpdate":false,"showSkybox":true,"showFlares":true,"showImageEffects":true,"showParticleSystems":true},"in2DMode":false,"pivot":{"x":-32.00181579589844,"y":-184.7482147216797,"z":388.8485107421875},"rotation":{"x":-0.23227931559085847,"y":0.06180078908801079,"z":-0.014790834859013558,"w":-0.9705711603164673},"size":522.8978271484375,"orthographic":false}