{"cameraMode":{"drawMode":0,"name":"Shaded","section":"Shading Mode"},"sceneLighting":true,"audioPlay":false,"sceneViewState":{"showFog":true,"showMaterialUpdate":false,"showSkybox":true,"showFlares":true,"showImageEffects":true,"showParticleSystems":true},"in2DMode":false,"pivot":{"x":404.205078125,"y":160.1123046875,"z":200.6875},"rotation":{"x":0.008397863246500492,"y":-0.014998209662735463,"z":0.0001261029246961698,"w":0.9998522996902466},"size":390.4057922363281,"orthographic":true}