{"cameraMode":{"drawMode":0,"name":"Shaded","section":"Shading Mode"},"sceneLighting":true,"audioPlay":false,"sceneViewState":{"showFog":true,"showMaterialUpdate":false,"showSkybox":true,"showFlares":true,"showImageEffects":true,"showParticleSystems":true},"in2DMode":false,"pivot":{"x":236.6245880126953,"y":-98.56915283203125,"z":372.3388671875},"rotation":{"x":-0.1296183168888092,"y":-0.20605066418647767,"z":0.027546850964426996,"w":-0.9695274233818054},"size":575.9993286132813,"orthographic":false}