{"cameraMode":{"drawMode":0,"name":"Shaded","section":"Shading Mode"},"sceneLighting":true,"audioPlay":false,"sceneViewState":{"showFog":true,"showMaterialUpdate":false,"showSkybox":true,"showFlares":true,"showImageEffects":true,"showParticleSystems":true},"in2DMode":false,"pivot":{"x":-44.720001220703128,"y":2.5563125610351564,"z":0.0},"rotation":{"x":-0.49581632018089297,"y":-0.03745925426483154,"z":0.02153150923550129,"w":-0.8673520088195801},"size":13.314619064331055,"orthographic":false}