{"cameraMode":{"drawMode":0,"name":"Shaded","section":"Shading Mode"},"sceneLighting":true,"audioPlay":false,"sceneViewState":{"showFog":true,"showMaterialUpdate":false,"showSkybox":true,"showFlares":true,"showImageEffects":true,"showParticleSystems":true},"in2DMode":false,"pivot":{"x":-0.4146660566329956,"y":2.5928311347961427,"z":6.252914905548096},"rotation":{"x":0.3001188337802887,"y":0.4758853614330292,"z":-0.17685003578662873,"w":0.8075802326202393},"size":9.639248847961426,"orthographic":false}