{"cameraMode":{"drawMode":0,"name":"Shaded","section":"Shading Mode"},"sceneLighting":true,"audioPlay":false,"sceneViewState":{"showFog":true,"showMaterialUpdate":false,"showSkybox":true,"showFlares":true,"showImageEffects":true,"showParticleSystems":true},"in2DMode":false,"pivot":{"x":-16.856603622436525,"y":20.964557647705079,"z":-24.319808959960939},"rotation":{"x":0.14876864850521089,"y":0.03203807771205902,"z":-0.00482459831982851,"w":0.9883411526679993},"size":169.7310028076172,"orthographic":false}