{"cameraMode":{"drawMode":0,"name":"Shaded","section":"Shading Mode"},"sceneLighting":true,"audioPlay":false,"sceneViewState":{"showFog":true,"showMaterialUpdate":false,"showSkybox":true,"showFlares":true,"showImageEffects":true,"showParticleSystems":true},"in2DMode":false,"pivot":{"x":5.908993244171143,"y":11.094585418701172,"z":-4.932834625244141},"rotation":{"x":-0.16170121729373933,"y":-0.2569698095321655,"z":0.04377013072371483,"w":-0.9517896175384522},"size":17.980785369873048,"orthographic":false}