{"cameraMode":{"drawMode":0,"name":"Shaded","section":"Shading Mode"},"sceneLighting":true,"audioPlay":false,"sceneViewState":{"showFog":true,"showMaterialUpdate":false,"showSkybox":true,"showFlares":true,"showImageEffects":true,"showParticleSystems":true},"in2DMode":false,"pivot":{"x":-34.6025390625,"y":-30.0863037109375,"z":44.602294921875},"rotation":{"x":0.39881452918052676,"y":0.026963146403431894,"z":-0.011733396910130978,"w":0.9165600538253784},"size":187.8446807861328,"orthographic":false}