{"cameraMode":{"drawMode":0,"name":"Shaded","section":"Shading Mode"},"sceneLighting":true,"audioPlay":false,"sceneViewState":{"showFog":true,"showMaterialUpdate":false,"showSkybox":true,"showFlares":true,"showImageEffects":true,"showParticleSystems":true},"in2DMode":false,"pivot":{"x":-17.286346435546876,"y":15.455307006835938,"z":56.633235931396487},"rotation":{"x":0.2682184875011444,"y":-0.04275752231478691,"z":0.011804976500570774,"w":0.9623363614082336},"size":174.01075744628907,"orthographic":false}