{"cameraMode":{"drawMode":0,"name":"Shaded","section":"Shading Mode"},"sceneLighting":true,"audioPlay":false,"sceneViewState":{"showFog":true,"showMaterialUpdate":false,"showSkybox":true,"showFlares":true,"showImageEffects":true,"showParticleSystems":true},"in2DMode":false,"pivot":{"x":10.529544830322266,"y":-51.608436584472659,"z":66.92684936523438},"rotation":{"x":-0.3595172166824341,"y":-0.01649552211165428,"z":0.006473373156040907,"w":-0.9329702258110046},"size":144.88595581054688,"orthographic":false}