{"cameraMode":{"drawMode":0,"name":"Shaded","section":"Shading Mode"},"sceneLighting":true,"audioPlay":false,"sceneViewState":{"showFog":true,"showMaterialUpdate":false,"showSkybox":true,"showFlares":true,"showImageEffects":true,"showParticleSystems":true},"in2DMode":false,"pivot":{"x":77.55259704589844,"y":-28.390625,"z":7.735218048095703},"rotation":{"x":0.40033990144729617,"y":0.25830206274986269,"z":-0.11884014308452606,"w":0.8711401224136353},"size":121.40126037597656,"orthographic":false}