{"cameraMode":{"drawMode":0,"name":"Shaded","section":"Shading Mode"},"sceneLighting":true,"audioPlay":false,"sceneViewState":{"showFog":true,"showMaterialUpdate":false,"showSkybox":true,"showFlares":true,"showImageEffects":true,"showParticleSystems":true},"in2DMode":false,"pivot":{"x":0.3694186210632324,"y":4.036164283752441,"z":0.4481539726257324},"rotation":{"x":0.2512717843055725,"y":0.09707322716712952,"z":-0.025335237383842469,"w":0.9627031683921814},"size":9.865178108215332,"orthographic":false}