{"cameraMode":{"drawMode":0,"name":"Shaded","section":"Shading Mode"},"sceneLighting":true,"audioPlay":false,"sceneViewState":{"showFog":true,"showMaterialUpdate":false,"showSkybox":true,"showFlares":true,"showImageEffects":true,"showParticleSystems":true},"in2DMode":false,"pivot":{"x":-1.9840891361236573,"y":2.7046847343444826,"z":5.867954730987549},"rotation":{"x":0.2390689253807068,"y":0.5896446108818054,"z":-0.188430517911911,"w":0.7481037378311157},"size":7.831076145172119,"orthographic":false}