{"cameraMode":{"drawMode":0,"name":"Shaded","section":"Shading Mode"},"sceneLighting":true,"audioPlay":false,"sceneViewState":{"showFog":true,"showMaterialUpdate":false,"showSkybox":true,"showFlares":true,"showImageEffects":true,"showParticleSystems":true},"in2DMode":false,"pivot":{"x":44.60942459106445,"y":-14.885498046875,"z":-50.82933807373047},"rotation":{"x":-0.5086948871612549,"y":-0.14043796062469483,"z":0.08464537560939789,"w":-0.8451874852180481},"size":168.10186767578126,"orthographic":false}