{"cameraMode":{"drawMode":0,"name":"Shaded","section":"Shading Mode"},"sceneLighting":true,"audioPlay":false,"sceneViewState":{"showFog":true,"showMaterialUpdate":false,"showSkybox":true,"showFlares":true,"showImageEffects":true,"showParticleSystems":true},"in2DMode":false,"pivot":{"x":28.927627563476564,"y":-78.45600128173828,"z":102.24956512451172},"rotation":{"x":-0.3258351981639862,"y":-0.19213007390499116,"z":0.06792137771844864,"w":-0.9232032299041748},"size":246.59487915039063,"orthographic":false}