{"cameraMode":{"drawMode":0,"name":"Shaded","section":"Shading Mode"},"sceneLighting":true,"audioPlay":false,"sceneViewState":{"showFog":true,"showMaterialUpdate":false,"showSkybox":true,"showFlares":true,"showImageEffects":true,"showParticleSystems":true},"in2DMode":false,"pivot":{"x":-13.8580322265625,"y":8.693554878234864,"z":-90.79080963134766},"rotation":{"x":0.3333840072154999,"y":0.23843878507614137,"z":-0.08755221217870712,"w":0.9079298973083496},"size":12.333684921264649,"orthographic":false}