{"cameraMode":{"drawMode":0,"name":"Shaded","section":"Shading Mode"},"sceneLighting":true,"audioPlay":false,"sceneViewState":{"showFog":true,"showMaterialUpdate":false,"showSkybox":true,"showFlares":true,"showImageEffects":true,"showParticleSystems":true},"in2DMode":false,"pivot":{"x":367.80877685546877,"y":124.38175964355469,"z":85.12265014648438},"rotation":{"x":0.34597092866897585,"y":0.02476956881582737,"z":-0.009139439091086388,"w":0.9378737211227417},"size":416.767822265625,"orthographic":false}