{"cameraMode":{"drawMode":0,"name":"Shaded","section":"Shading Mode"},"sceneLighting":true,"audioPlay":false,"sceneViewState":{"showFog":true,"showMaterialUpdate":false,"showSkybox":true,"showFlares":true,"showImageEffects":true,"showParticleSystems":true},"in2DMode":false,"pivot":{"x":-238.79937744140626,"y":-75.11903381347656,"z":402.44000244140627},"rotation":{"x":-0.09935371577739716,"y":0.30016520619392397,"z":-0.03145282343029976,"w":-0.9481773972511292},"size":463.4171447753906,"orthographic":false}