{"cameraMode":{"drawMode":0,"name":"Shaded","section":"Shading Mode"},"sceneLighting":true,"audioPlay":false,"sceneViewState":{"showFog":true,"showMaterialUpdate":false,"showSkybox":true,"showFlares":true,"showImageEffects":true,"showParticleSystems":true},"in2DMode":false,"pivot":{"x":-63.00282287597656,"y":-40.66986083984375,"z":-10.12982177734375},"rotation":{"x":-0.19928015768527986,"y":-0.10973070561885834,"z":0.022428682073950769,"w":-0.9735212326049805},"size":246.45394897460938,"orthographic":false}