{"cameraMode":{"drawMode":0,"name":"Shaded","section":"Shading Mode"},"sceneLighting":true,"audioPlay":false,"sceneViewState":{"showFog":true,"showMaterialUpdate":false,"showSkybox":true,"showFlares":true,"showImageEffects":true,"showParticleSystems":true},"in2DMode":false,"pivot":{"x":-4.958715438842773,"y":61.07742691040039,"z":-74.34982299804688},"rotation":{"x":0.1435144990682602,"y":0.06291063874959946,"z":-0.009254633449018002,"w":0.9876033067703247},"size":13.301053047180176,"orthographic":false}