{"cameraMode":{"drawMode":0,"name":"Shaded","section":"Shading Mode"},"sceneLighting":true,"audioPlay":false,"sceneViewState":{"showFog":true,"showMaterialUpdate":false,"showSkybox":true,"showFlares":true,"showImageEffects":true,"showParticleSystems":true},"in2DMode":false,"pivot":{"x":9.680000305175782,"y":5.389999866485596,"z":5.650000095367432},"rotation":{"x":0.2999260723590851,"y":0.13448800146579743,"z":-0.042872264981269839,"w":0.9434614181518555},"size":15.156864166259766,"orthographic":false}