{"cameraMode":{"drawMode":0,"name":"Shaded","section":"Shading Mode"},"sceneLighting":true,"audioPlay":false,"sceneViewState":{"showFog":true,"showMaterialUpdate":false,"showSkybox":true,"showFlares":true,"showImageEffects":true,"showParticleSystems":true},"in2DMode":false,"pivot":{"x":-3.127206802368164,"y":15.620771408081055,"z":-67.54879760742188},"rotation":{"x":-0.09568595141172409,"y":-0.09809315949678421,"z":0.009579096920788288,"w":-0.990520179271698},"size":44.235076904296878,"orthographic":false}