{"cameraMode":{"drawMode":0,"name":"Shaded","section":"Shading Mode"},"sceneLighting":true,"audioPlay":false,"sceneViewState":{"showFog":true,"showMaterialUpdate":false,"showSkybox":true,"showFlares":true,"showImageEffects":true,"showParticleSystems":true},"in2DMode":false,"pivot":{"x":0.3756517171859741,"y":0.9165840148925781,"z":-0.5230016708374023},"rotation":{"x":0.2972373366355896,"y":0.008585124276578427,"z":-0.002686168299987912,"w":0.954761266708374},"size":13.107385635375977,"orthographic":false}